"Id","Date","Time","Question","Details","Answer","Notes","Entered By","What type of questions?","What tools were used?","What forms were used?","If Technology Question:","Was the patron referred elsewhere?"
"o18746299","2017-11-30","07:37","","383247","","","Circulation Student","Gate Count","blank","blank","blank","blank"
"o18729061","2017-11-29","07:40","","375876","","","Circulation Student","Gate Count","blank","blank","blank","blank"
"o18712815","2017-11-28","08:22","","","P369995","","Circulation Student","Gate Count","blank","blank","blank","blank"
"o18694856","2017-11-27","08:18","","","P363703","","Circulation Student","Gate Count","blank","blank","blank","blank"
"o18690503","2017-11-26","11:23","","","362289","","Circulation Student","Gate Count","blank","blank","blank","blank"
"o18646239","2017-11-22","08:03","","","361973","","Circulation Student","Gate Count","blank","blank","blank","blank"
"o18632220","2017-11-21","08:15","","","P359055","","Circulation Student","Gate Count","blank","blank","blank","blank"
"o18616766","2017-11-20","08:13","","","P353270","","Circulation Student","Gate Count","blank","blank","blank","blank"
"o18612325","2017-11-19","11:21","","","350032","","Circulation Student","Gate Count","blank","blank","blank","blank"
"o18609131","2017-11-18","09:52","","P3484589","","","Circulation Student","Gate Count","blank","blank","blank","blank"
"o18599128","2017-11-17","08:18","","","P344941","","Circulation Student","Gate Count","blank","blank","blank","blank"
"o18583422","2017-11-16","07:40","","338120","","","Circulation Student","Gate Count","blank","blank","blank","blank"
"o18552601","2017-11-15","07:41","","331841","","","Circulation Student","Gate Count","blank","blank","blank","blank"
"o18533652","2017-11-14","08:14","","","P326023","","Circulation Student","Gate Count","blank","blank","blank","blank"
"o18514914","2017-11-13","08:17","","","P319356","","Circulation Student","Gate Count","blank","blank","blank","blank"
"o18509289","2017-11-12","11:21","","","316141","","Circulation Student","Gate Count","blank","blank","blank","blank"
"o18505634","2017-11-11","09:38","","","P314162","","Circulation Student","Gate Count","blank","blank","blank","blank"
"o18497387","2017-11-10","08:14","","","P310481","","Circulation Student","Gate Count","blank","blank","blank","blank"
"o18462475","2017-11-08","07:41","","297837","","","Circulation Student","Gate Count","blank","blank","blank","blank"
"o18443984","2017-11-07","07:32","","","291479","","Circulation Student","Gate Count","blank","blank","blank","blank"
"o18426034","2017-11-06","09:04","","","","","Circulation Student","Gate Count","blank","blank","blank","blank"
"o18419676","2017-11-05","11:35","","","282613","","Circulation Student","Gate Count","blank","blank","blank","blank"
"o18415672","2017-11-04","09:51","",""," <br />
P209264","","Circulation Student","Gate Count","blank","blank","blank","blank"
"o18404807","2017-11-03","08:08","","","P277696","","Circulation Student","Gate Count","blank","blank","blank","blank"
"o18386856","2017-11-02","08:44","","","P271581","","Circulation Student","Gate Count","blank","blank","blank","blank"
"o18367963","2017-11-01","07:42","","265923","","","Circulation Student","Gate Count","blank","blank","blank","blank"
"o18351579","2017-10-31","08:22","","","P260908","","Circulation Student","Gate Count","blank","blank","blank","blank"
"o18332530","2017-10-30","08:10","","","P254120","","Circulation Student","Gate Count","blank","blank","blank","blank"
"o18326432","2017-10-29","11:10","","","251991","","Circulation Student","Gate Count","blank","blank","blank","blank"
"o18311834","2017-10-27","08:21","","","P246884","","Circulation Student","Gate Count","blank","blank","blank","blank"
"o18295232","2017-10-26","07:41","","","","","Circulation Student","Gate Count","blank","blank","blank","blank"
"o18295231","2017-10-26","07:41","","","","","Circulation Student","Gate Count","blank","blank","blank","blank"
"o18295230","2017-10-26","07:40","","240852","","","Circulation Student","Gate Count","blank","blank","blank","blank"
"o18276119","2017-10-25","07:38","","","","","Circulation Student","Gate Count","blank","blank","blank","blank"
"o18276118","2017-10-25","07:38","","234900","","","Circulation Student","Gate Count","blank","blank","blank","blank"
"o18257286","2017-10-24","08:13","","","P229429","","Circulation Student","Gate Count","blank","blank","blank","blank"
"o18236864","2017-10-23","08:14","","","P222994","","Circulation Student","Gate Count","blank","blank","blank","blank"
"o18230809","2017-10-22","11:24","","","220115","","Circulation Student","Gate Count","blank","blank","blank","blank"
"o18227367","2017-10-21","10:57","","","P218829","","Circulation Student","Gate Count","blank","blank","blank","blank"
"o18216893","2017-10-20","08:09","","","P215354","","Circulation Student","Gate Count","blank","blank","blank","blank"
"o18004000","2017-10-19","07:42","","208939","","","Circulation Student","Gate Count","blank","blank","blank","blank"
"o17984765","2017-10-18","07:44","","202559","","","Circulation Student","Gate Count","blank","blank","blank","blank"
"o17965959","2017-10-17","08:15","","","P196098","","Circulation Student","Gate Count","blank","blank","blank","blank"
"o17845807","2017-10-16","08:10","","","P189174","","Circulation Student","Gate Count","blank","blank","blank","blank"
"o17839639","2017-10-15","11:19","","","185582","","Circulation Student","Gate Count","blank","blank","blank","blank"
"o17825879","2017-10-13","07:48","","","181880","","Circulation Student","Gate Count","blank","blank","blank","blank"
"o17809183","2017-10-12","07:40","","175347","","","Circulation Student","Gate Count","blank","blank","blank","blank"
"o17789920","2017-10-11","07:42","","168592","","","Circulation Student","Gate Count","blank","blank","blank","blank"
"o17770194","2017-10-10","07:43","","166863","","","Circulation Student","Gate Count","blank","blank","blank","blank"
"o17732248","2017-10-06","08:00","","","163659","","Circulation Student","Gate Count","blank","blank","blank","blank"
"o17694778","2017-10-04","07:43","","150811","","","Circulation Student","Gate Count","blank","blank","blank","blank"
"o17675315","2017-10-03","08:09","","","P144649","","Circulation Student","Gate Count","blank","blank","blank","blank"
"o17654939","2017-10-02","08:15","","","P137965","","Circulation Student","Gate Count","blank","blank","blank","blank"
"o17648871","2017-10-01","11:16","","","134819","","Circulation Student","Gate Count","blank","blank","blank","blank"
"o17644997","2017-09-30","09:58","","","A004812<br />
P133282","","Circulation Student","Gate Count","blank","blank","blank","blank"
"o17632854","2017-09-29","08:22","","","P129484","","Circulation Student","Gate Count","blank","blank","blank","blank"
"o17613017","2017-09-28","07:47","","123111","","","Circulation Student","Gate Count","blank","blank","blank","blank"
"o17591349","2017-09-27","07:41","","116229","","","Circulation Student","Gate Count","blank","blank","blank","blank"
"o17569013","2017-09-26","08:00","","","109534<br />","","Circulation Student","Gate Count","blank","blank","blank","blank"
"o17545441","2017-09-25","07:59","","","102179","","Circulation Student","Gate Count","blank","blank","blank","blank"
"o17538148","2017-09-24","11:33","","","099122","","Circulation Student","Gate Count","blank","blank","blank","blank"
"o17534101","2017-09-23","10:26","","","P096858","","Circulation Student","Gate Count","blank","blank","blank","blank"
"o17521882","2017-09-22","08:21","","","P093364","","Circulation Student","Gate Count","blank","blank","blank","blank"
"o17502241","2017-09-21","07:44","","","87223","","Circulation Student","Gate Count","blank","blank","blank","blank"
"o17481286","2017-09-20","07:42","","","81463","","Circulation Student","Gate Count","blank","blank","blank","blank"
"o17459759","2017-09-19","08:12","","","P075665","","Circulation Student","Gate Count","blank","blank","blank","blank"
"o17434911","2017-09-18","07:51","","","69440<br />","","Circulation Student","Gate Count","blank","blank","blank","blank"
"o17427649","2017-09-17","11:24","","","066580","","Circulation Student","Gate Count","blank","blank","blank","blank"
"o17423918","2017-09-16","10:13","","","A004203<br />
P064458","","Circulation Student","Gate Count","blank","blank","blank","blank"
"o17272783","2017-09-15","08:06","","","P060811","","Circulation Student","Gate Count","blank","blank","blank","blank"
"o17253036","2017-09-14","07:38","","","55095","","Circulation Student","Gate Count","blank","blank","blank","blank"
"o17232229","2017-09-13","07:45","","","49798","","Circulation Student","Gate Count","blank","blank","blank","blank"
"o17212371","2017-09-12","08:12","","","P044653","","Circulation Student","Gate Count","blank","blank","blank","blank"
"o17190454","2017-09-11","08:24","","","P038993","","Circulation Student","Gate Count","blank","blank","blank","blank"
"o17184052","2017-09-10","11:23","","","036285","","Circulation Student","Gate Count","blank","blank","blank","blank"
"o17180496","2017-09-09","09:33","","","035065","","Circulation Student","Gate Count","blank","blank","blank","blank"
"o17167799","2017-09-08","08:18","","","P031900","","Circulation Student","Gate Count","blank","blank","blank","blank"
"o17146473","2017-09-07","07:43","","","026737","","Circulation Student","Gate Count","blank","blank","blank","blank"
"o17121278","2017-09-06","07:45","","","","","Circulation Student","Gate Count","blank","blank","blank","blank"
"o17121277","2017-09-06","07:45","","","","","Circulation Student","Gate Count","blank","blank","blank","blank"
"o17121276","2017-09-06","07:45","","","021863","","Circulation Student","Gate Count","blank","blank","blank","blank"
"o17095273","2017-09-05","08:08","","","P016822","","Circulation Student","Gate Count","blank","blank","blank","blank"
"o17069514","2017-09-01","07:43","","","13969<br />","","Circulation Student","Gate Count","blank","blank","blank","blank"
"o17046617","2017-08-31","08:37","","","8880","","Circulation Student","Gate Count","blank","blank","blank","blank"
"o17039331","2017-08-30","17:08","","92","92","","Circulation Student","Gate Count","blank","blank","blank","blank"
"o17019982","2017-08-30","08:19","","","3822","","Circulation Student","Gate Count","blank","blank","blank","blank"
"o16990934","2017-08-29","07:57","","","999532","","Circulation Student","Gate Count","blank","blank","blank","blank"
"o16960691","2017-08-28","07:49","","","994809<br />","","Circulation Student","Gate Count","blank","blank","blank","blank"
"o16955455","2017-08-27","11:12","","","993876","","Circulation Student","Gate Count","blank","blank","blank","blank"
"o16939797","2017-08-25","07:29","","","993089<br />","","Circulation Student","Gate Count","blank","blank","blank","blank"
"o16921860","2017-08-24","07:29","","","992458","","Circulation Student","Gate Count","blank","blank","blank","blank"
"o16902006","2017-08-23","07:26","","","991825<br />","","Circulation Student","Gate Count","blank","blank","blank","blank"
"o16882837","2017-08-22","07:07","","","991265","","Circulation Student","Gate Count","blank","blank","blank","blank"
"o16864440","2017-08-21","06:32","","","990630","","Circulation Student","Gate Count","blank","blank","blank","blank"
"o16850849","2017-08-18","06:39","","","990230","","Circulation Student","Gate Count","blank","blank","blank","blank"
"o16841912","2017-08-17","07:01","","","989841","","Circulation Student","Gate Count","blank","blank","blank","blank"
"o16832126","2017-08-16","06:53","","","989433","","Circulation Student","Gate Count","blank","blank","blank","blank"
"o16821685","2017-08-15","07:21","","","989052","","Circulation Student","Gate Count","blank","blank","blank","blank"
"o16797667","2017-08-14","08:15","","","","","Circulation Student","Gate Count","blank","blank","blank","blank"
"o16797666","2017-08-14","08:14","","","988665","","Circulation Student","Gate Count","blank","blank","blank","blank"
"o16788715","2017-08-11","06:45","","","988201","","Circulation Student","Gate Count","blank","blank","blank","blank"
"o16781617","2017-08-10","06:53","","","987616","","Circulation Student","Gate Count","blank","blank","blank","blank"
"o16770638","2017-08-09","06:52","","","986934","","Circulation Student","Gate Count","blank","blank","blank","blank"
"o16763133","2017-08-08","06:24","","","986299","","Circulation Student","Gate Count","blank","blank","blank","blank"
"o16754753","2017-08-07","06:58","","","985619","","Circulation Student","Gate Count","blank","blank","blank","blank"
"o16752240","2017-08-06","11:28","","","985400","","Circulation Student","Gate Count","blank","blank","blank","blank"
"o16745142","2017-08-04","07:11","","","984866","","Circulation Student","Gate Count","blank","blank","blank","blank"
"o16737851","2017-08-03","07:34","","","984128","","Circulation Student","Gate Count","blank","blank","blank","blank"
"o16729945","2017-08-02","06:59","","","983421","","Circulation Student","Gate Count","blank","blank","blank","blank"
"o16624452","2017-08-01","07:02","","","982740","","Circulation Student","Gate Count","blank","blank","blank","blank"
"o16615755","2017-07-31","06:48","","","982142","","Circulation Student","Gate Count","blank","blank","blank","blank"
"o16613021","2017-07-30","11:20","","","981877","","Circulation Student","Gate Count","blank","blank","blank","blank"
"o16606962","2017-07-28","07:10","","","981310<br />","","Circulation Student","Gate Count","blank","blank","blank","blank"
"o16599213","2017-07-27","07:00","","","980581<br />","","Circulation Student","Gate Count","blank","blank","blank","blank"
"o16591481","2017-07-26","06:55","","","979862","","Circulation Student","Gate Count","blank","blank","blank","blank"
"o16568467","2017-07-25","06:46","","","979211","","Circulation Student","Gate Count","blank","blank","blank","blank"
"o16559681","2017-07-24","06:49","","","978524","","Circulation Student","Gate Count","blank","blank","blank","blank"
"o16557023","2017-07-23","11:29","","","978236","","Circulation Student","Gate Count","blank","blank","blank","blank"
"o16550675","2017-07-21","06:43","","","977705","","Circulation Student","Gate Count","blank","blank","blank","blank"
"o16543131","2017-07-20","06:46","","","976958","","Circulation Student","Gate Count","blank","blank","blank","blank"
"o16503323","2017-07-19","06:41","","","976173","","Circulation Student","Gate Count","blank","blank","blank","blank"
"o16494678","2017-07-18","06:37","","","975377","","Circulation Student","Gate Count","blank","blank","blank","blank"
"o16484263","2017-07-17","06:46","","","974653","","Circulation Student","Gate Count","blank","blank","blank","blank"
"o16481653","2017-07-16","11:32","","","974338","","Circulation Student","Gate Count","blank","blank","blank","blank"
"o16475331","2017-07-14","07:47","","","973869","","Circulation Student","Gate Count","blank","blank","blank","blank"
"o16475314","2017-07-14","06:47","","","973860","","Circulation Student","Gate Count","blank","blank","blank","blank"
"o16468035","2017-07-13","06:55","","","973123","","Circulation Student","Gate Count","blank","blank","blank","blank"
"o16459938","2017-07-12","07:05","","","972251","","Circulation Student","Gate Count","blank","blank","blank","blank"
"o16450322","2017-07-11","06:53","","","971542","","Circulation Student","Gate Count","blank","blank","blank","blank"
"o16441373","2017-07-10","07:03","","","970918","","Circulation Student","Gate Count","blank","blank","blank","blank"
"o16439291","2017-07-09","11:22","","","970672","","Circulation Student","Gate Count","blank","blank","blank","blank"
"o16430515","2017-07-07","06:29","","","970254","","Circulation Student","Gate Count","blank","blank","blank","blank"
"o16412251","2017-07-05","06:50","","","969182","","Circulation Student","Gate Count","blank","blank","blank","blank"
"o16404104","2017-07-03","08:06","","","968703","","Circulation Student","Gate Count","blank","blank","blank","blank"
"o16402376","2017-07-02","11:23","","","968571","","Circulation Student","Gate Count","blank","blank","blank","blank"
"o16394486","2017-06-30","07:56","","","968084","","Circulation Student","Gate Count","blank","blank","blank","blank"
"o16379276","2017-06-29","08:00","","","967477","","Circulation Student","Gate Count","blank","blank","blank","blank"
"o16334718","2017-06-27","06:50","","","965676","","Circulation Student","Gate Count","blank","blank","blank","blank"
"o16234457","2017-06-26","06:55","","","964911","","Circulation Student","Gate Count","blank","blank","blank","blank"
"o16232616","2017-06-25","11:21","","","964563","","Circulation Student","Gate Count","blank","blank","blank","blank"
"o16224128","2017-06-23","06:51","","","964058","","Circulation Student","Gate Count","blank","blank","blank","blank"
"o16149363","2017-06-22","06:46","","","963408","","Circulation Student","Gate Count","blank","blank","blank","blank"
"o16139030","2017-06-21","06:55","","","962630","","Circulation Student","Gate Count","blank","blank","blank","blank"
"o16128037","2017-06-20","06:57","","","961902","","Circulation Student","Gate Count","blank","blank","blank","blank"
"o16116439","2017-06-19","06:49","","","961244<br />","","Circulation Student","Gate Count","blank","blank","blank","blank"
"o16106572","2017-06-16","06:43","","","960725","","Circulation Student","Gate Count","blank","blank","blank","blank"
"o16097579","2017-06-15","07:06","","","959952","","Circulation Student","Gate Count","blank","blank","blank","blank"
"o16087703","2017-06-14","06:52","","","959218","","Circulation Student","Gate Count","blank","blank","blank","blank"
"o16077426","2017-06-13","06:46","","","958542","","Circulation Student","Gate Count","blank","blank","blank","blank"
"o16066613","2017-06-12","07:47","","","957777","","Circulation Student","Gate Count","blank","blank","blank","blank"
"o16064882","2017-06-11","12:22","","","A003588<br />
P957447","","Circulation Student","Gate Count","blank","blank","blank","blank"
"o16057021","2017-06-09","07:43","","","957078","","Circulation Student","Gate Count","blank","blank","blank","blank"
"o16020690","2017-06-08","07:40","","","956565","","Circulation Student","Gate Count","blank","blank","blank","blank"
"o16011706","2017-06-07","07:43","","","","","Circulation Student","Gate Count","blank","blank","blank","blank"
"o16011705","2017-06-07","07:43","","","955928","","Circulation Student","Gate Count","blank","blank","blank","blank"
"o16002363","2017-06-06","08:01","","","955356","","Circulation Student","Gate Count","blank","blank","blank","blank"
"o15992008","2017-06-05","06:37","","","954784","","Circulation Student","Gate Count","blank","blank","blank","blank"
"o15989669","2017-06-04","11:51","","","P954593<br />
A003563","","Circulation Student","Gate Count","blank","blank","blank","blank"
"o15982123","2017-06-02","07:45","","","954121","","Circulation Student","Gate Count","blank","blank","blank","blank"
"o15973698","2017-06-01","06:48","","","953561<br />","","Circulation Student","Gate Count","blank","blank","blank","blank"
"o15920208","2017-05-31","06:43","","","950153","","Circulation Student","Gate Count","blank","blank","blank","blank"
"o15813461","2017-05-30","08:24","","","","","Circulation Student","Gate Count","blank","blank","blank","blank"
"o15813460","2017-05-30","08:24","","","949597","","Circulation Student","Gate Count","blank","blank","blank","blank"
"o15802239","2017-05-26","08:40","","","949286","","Circulation Student","Gate Count","blank","blank","blank","blank"
"o15794224","2017-05-25","06:44","","","949260","","Circulation Student","Gate Count","blank","blank","blank","blank"
"o15786263","2017-05-24","06:30","","","948682","","Circulation Student","Gate Count","blank","blank","blank","blank"
"o15778100","2017-05-23","06:45","","","948217","","Circulation Student","Gate Count","blank","blank","blank","blank"
"o15754527","2017-05-22","06:50","","","947821","","Circulation Student","Gate Count","blank","blank","blank","blank"
"o15745341","2017-05-19","07:27","","","945276<br />","","Circulation Student","Gate Count","blank","blank","blank","blank"
"o15737835","2017-05-18","07:58","","","938914","","Circulation Student","Gate Count","blank","blank","blank","blank"
"o15737786","2017-05-18","06:39","","","system fail","","Circulation Student","Gate Count","blank","blank","blank","blank"
"o15728352","2017-05-17","06:55","","","933760<br />","","Circulation Student","Gate Count","blank","blank","blank","blank"
"o15705229","2017-05-15","06:46","","","917691","","Circulation Student","Gate Count","blank","blank","blank","blank"
"o15702560","2017-05-14","11:20","","","911494","","Circulation Student","Gate Count","blank","blank","blank","blank"
"o15694405","2017-05-12","06:42","","","904112","","Circulation Student","Gate Count","blank","blank","blank","blank"
"o15684415","2017-05-11","06:42","","","898078","","Circulation Student","Gate Count","blank","blank","blank","blank"
"o15671322","2017-05-10","07:13","","","893140","","Circulation Student","Gate Count","blank","blank","blank","blank"
"o15659162","2017-05-09","06:55","","","883783","","Circulation Student","Gate Count","blank","blank","blank","blank"
"o15639136","2017-05-07","11:28","","","874701","","Circulation Student","Gate Count","blank","blank","blank","blank"
"o15636258","2017-05-06","09:50","","","P872017","","Circulation Student","Gate Count","blank","blank","blank","blank"
"o15600013","2017-05-05","06:41","","","867500<br />","","Circulation Student","Gate Count","blank","blank","blank","blank"
"o15587927","2017-05-04","06:49","","","860582","","Circulation Student","Gate Count","blank","blank","blank","blank"
"o15573110","2017-05-03","06:47","","","853250","","Circulation Student","Gate Count","blank","blank","blank","blank"
"o15542056","2017-05-01","06:44","","","834739","","Circulation Student","Gate Count","blank","blank","blank","blank"
"o15536157","2017-04-30","11:17","","","836403","","Circulation Student","Gate Count","blank","blank","blank","blank"
"o15532964","2017-04-29","09:53","","","P834915","","Circulation Student","Gate Count","blank","blank","blank","blank"
"o15524066","2017-04-28","06:47","","","832123","","Circulation Student","Gate Count","blank","blank","blank","blank"
"o15509138","2017-04-27","06:48","","","825523","","Circulation Student","Gate Count","blank","blank","blank","blank"
"o15493245","2017-04-26","06:58","","","819274","","Circulation Student","Gate Count","blank","blank","blank","blank"
"o15477762","2017-04-25","06:47","","","813223","","Circulation Student","Gate Count","blank","blank","blank","blank"
"o15462771","2017-04-24","07:37","","","806311","","Circulation Student","Gate Count","blank","blank","blank","blank"
"o15456647","2017-04-23","11:13","","","802827","","Circulation Student","Gate Count","blank","blank","blank","blank"
"o15453259","2017-04-22","09:43","","","P800762<br />
A002870","","Circulation Student","Gate Count","blank","blank","blank","blank"
"o15444113","2017-04-21","07:45","","","p797293","","Circulation Student","Gate Count","blank","blank","blank","blank"
"o15434827","2017-04-20","12:58","","","p791820","","Circulation Student","Gate Count","blank","blank","blank","blank"
"o15415039","2017-04-19","08:31","","","785409","","Circulation Student","Gate Count","blank","blank","blank","blank"
"o15395289","2017-04-18","08:12","","","A002775<br />
P779978","","Circulation Student","Gate Count","blank","blank","blank","blank"
"o15370891","2017-04-16","11:13","","","771537","","Circulation Student","Gate Count","blank","blank","blank","blank"
"o15368108","2017-04-15","10:27","","","770547","","Circulation Student","Gate Count","blank","blank","blank","blank"
"o15351072","2017-04-14","07:53","","","767437","","Circulation Student","Gate Count","blank","blank","blank","blank"
"o15338432","2017-04-13","06:55","","","761192","","Circulation Student","Gate Count","blank","blank","blank","blank"
"o15307337","2017-04-11","07:08","","","751390","","Circulation Student","Gate Count","blank","blank","blank","blank"
"o15291184","2017-04-10","06:55","","","747198","","Circulation Student","Gate Count","blank","blank","blank","blank"
"o15285592","2017-04-09","11:14","","","744975","","Circulation Student","Gate Count","blank","blank","blank","blank"
"o15278874","2017-04-08","09:31","","","743528","","Circulation Student","Gate Count","blank","blank","blank","blank"
"o15267953","2017-04-07","06:54","","","740296","","Circulation Student","Gate Count","blank","blank","blank","blank"
"o15247901","2017-04-06","06:56","","","739413","","Circulation Student","Gate Count","blank","blank","blank","blank"
"o15229230","2017-04-05","06:56","","","728724","","Circulation Student","Gate Count","blank","blank","blank","blank"
"o15208542","2017-04-04","06:48","","","723073","","Circulation Student","Gate Count","blank","blank","blank","blank"
"o15188088","2017-04-03","06:53","","","716915","","Circulation Student","Gate Count","blank","blank","blank","blank"
"o15180553","2017-04-02","11:30","","","713870","","Circulation Student","Gate Count","blank","blank","blank","blank"
"o15176117","2017-04-01","09:48","","","A002408<br />
P712177","","Circulation Student","Gate Count","blank","blank","blank","blank"
"o15164249","2017-03-31","06:43","","","709435","","Circulation Student","Gate Count","blank","blank","blank","blank"
"o15146096","2017-03-30","06:52","","","703514","","Circulation Student","Gate Count","blank","blank","blank","blank"
"o15126556","2017-03-29","06:50","","","697732","","Circulation Student","Gate Count","blank","blank","blank","blank"
"o15104520","2017-03-28","06:50","","","692680","","Circulation Student","Gate Count","blank","blank","blank","blank"
"o15082453","2017-03-27","06:50","","","686882","","Circulation Student","Gate Count","blank","blank","blank","blank"
"o15074436","2017-03-26","11:00","","","685623","","Circulation Student","Gate Count","blank","blank","blank","blank"
"o15059272","2017-03-24","08:03","","","A002297<br />
P685295","","Circulation Student","Gate Count","blank","blank","blank","blank"
"o15041331","2017-03-23","09:11","","","A002292<br />
P684850","","Circulation Student","Gate Count","blank","blank","blank","blank"
"o15018692","2017-03-22","08:22","","","684356","","Circulation Student","Gate Count","blank","blank","blank","blank"
"o14996885","2017-03-21","07:58","","","683950","","Circulation Student","Gate Count","blank","blank","blank","blank"
"o14974494","2017-03-20","07:58","","","683384","","Circulation Student","Gate Count","blank","blank","blank","blank"
"o14963343","2017-03-18","09:53","","","A002269<br />
P683132","","Circulation Student","Gate Count","blank","blank","blank","blank"
"o14952957","2017-03-17","08:00","","","680654","","Circulation Student","Gate Count","blank","blank","blank","blank"
"o14943013","2017-03-16","13:07","","","","","Circulation Student","Gate Count","blank","blank","blank","blank"
"o14937573","2017-03-16","08:30","","","P674855","","Circulation Student","Gate Count","blank","blank","blank","blank"
"o14929697","2017-03-15","10:25","","","672205","","Circulation Student","Gate Count","blank","blank","blank","blank"
"o14776224","2017-03-13","06:32","","","665798","","Circulation Student","Gate Count","blank","blank","blank","blank"
"o14770668","2017-03-12","11:09","","","662613","","Circulation Student","Gate Count","blank","blank","blank","blank"
"o14767052","2017-03-11","10:10","","","A002172<br />
P661060","","Circulation Student","Gate Count","blank","blank","blank","blank"
"o14754578","2017-03-10","06:37","","","657656","","Circulation Student","Gate Count","blank","blank","blank","blank"
"o14735092","2017-03-09","06:41","","","651586","","Circulation Student","Gate Count","blank","blank","blank","blank"
"o14713735","2017-03-08","06:57","","","645155","","Circulation Student","Gate Count","blank","blank","blank","blank"
"o14691192","2017-03-07","07:02","","","639712<br />","","Circulation Student","Gate Count","blank","blank","blank","blank"
"o14668941","2017-03-06","06:53","","","633652","","Circulation Student","Gate Count","blank","blank","blank","blank"
"o14660820","2017-03-05","11:01","","","630309","","Circulation Student","Gate Count","blank","blank","blank","blank"
"o14656600","2017-03-04","09:51","","","A002075<br />
P629814","","Circulation Student","Gate Count","blank","blank","blank","blank"
"o14643068","2017-03-03","06:50","","","625739<br />
","","Circulation Student","Gate Count","blank","blank","blank","blank"
"o14622301","2017-03-02","06:45","","","619564","","Circulation Student","Gate Count","blank","blank","blank","blank"
"o14601048","2017-03-01","07:15","","","613823","","Circulation Student","Gate Count","blank","blank","blank","blank"
"o14575653","2017-02-28","06:58","","","607764","","Circulation Student","Gate Count","blank","blank","blank","blank"
"o14549046","2017-02-27","06:47","","","601296","","Circulation Student","Gate Count","blank","blank","blank","blank"
"o14540138","2017-02-26","11:12","","","597544","","Circulation Student","Gate Count","blank","blank","blank","blank"
"o14535796","2017-02-25","09:45","","","A001980<br />
P585882","","Circulation Student","Gate Count","blank","blank","blank","blank"
"o14503696","2017-02-23","07:41","","","586531","","Circulation Student","Gate Count","blank","blank","blank","blank"
"o14482712","2017-02-22","09:16","","","580137","","Circulation Student","Gate Count","blank","blank","blank","blank"
"o14456006","2017-02-21","07:39","","","574594","","Circulation Student","Gate Count","blank","blank","blank","blank"
"o14436824","2017-02-20","08:01","","","571324","","Circulation Student","Gate Count","blank","blank","blank","blank"
"o14427851","2017-02-19","11:04","","","570360","","Circulation Student","Gate Count","blank","blank","blank","blank"
"o14423828","2017-02-18","09:49","","","A001905<br />
P569682","","Circulation Student","Gate Count","blank","blank","blank","blank"
"o14387333","2017-02-17","06:43","","","566997","","Circulation Student","Gate Count","blank","blank","blank","blank"
"o14367557","2017-02-16","06:57","","","561119","","Circulation Student","Gate Count","blank","blank","blank","blank"
"o14346666","2017-02-15","06:42","","","555585","","Circulation Student","Gate Count","blank","blank","blank","blank"
"o14327053","2017-02-14","07:03","","","551357","","Circulation Student","Gate Count","blank","blank","blank","blank"
"o14304836","2017-02-13","06:41","","","545323","","Circulation Student","Gate Count","blank","blank","blank","blank"
"o14292717","2017-02-11","09:45","","","P543984<br />
A001820","","Circulation Student","Gate Count","blank","blank","blank","blank"
"o14280491","2017-02-10","08:14","","","54966","","Circulation Student","Gate Count","blank","blank","blank","blank"
"o14263178","2017-02-09","07:27","","","539937","","Circulation Student","Gate Count","blank","blank","blank","blank"
"o14240175","2017-02-08","06:49","","","535477","","Circulation Student","Gate Count","blank","blank","blank","blank"
"o14219439","2017-02-07","06:43","","","531013","","Circulation Student","Gate Count","blank","blank","blank","blank"
"o14197022","2017-02-06","08:04","","","525768","","Circulation Student","Gate Count","blank","blank","blank","blank"
"o14190129","2017-02-05","11:12","","","523713<br />
","","Circulation Student","Gate Count","blank","blank","blank","blank"
"o14188862","2017-02-04","18:09","","","54","","Circulation Student","Gate Count","blank","blank","blank","blank"
"o14185544","2017-02-04","09:46","","","P522519<br />
A001743","","Circulation Student","Gate Count","blank","blank","blank","blank"
"o14171711","2017-02-03","07:52","","","519610","","Circulation Student","Gate Count","blank","blank","blank","blank"
"o14151325","2017-02-02","08:14","","","515121","","Circulation Student","Gate Count","blank","blank","blank","blank"
"o14128634","2017-02-01","06:50","","","510560","","Circulation Student","Gate Count","blank","blank","blank","blank"
"o14106247","2017-01-31","06:56","","","506443","","Circulation Student","Gate Count","blank","blank","blank","blank"
"o14082940","2017-01-30","08:00","","","501434","","Circulation Student","Gate Count","blank","blank","blank","blank"
"o14075453","2017-01-29","11:40","","","498943","","Circulation Student","Gate Count","blank","blank","blank","blank"
"o14070063","2017-01-28","10:02","","","A001667<br />
P497964","","Circulation Student","Gate Count","blank","blank","blank","blank"
"o14056211","2017-01-27","06:49","","","495414","","Circulation Student","Gate Count","blank","blank","blank","blank"
"o14037122","2017-01-26","06:47","","","491098","","Circulation Student","Gate Count","blank","blank","blank","blank"
"o14013208","2017-01-25","06:53","","","487450","","Circulation Student","Gate Count","blank","blank","blank","blank"
"o13995427","2017-01-24","10:24","","","484687","","Circulation Student","Gate Count","blank","blank","blank","blank"
"o13968085","2017-01-23","06:29","","","481256","","Circulation Student","Gate Count","blank","blank","blank","blank"
"o13962207","2017-01-22","11:22","","","480717","","Circulation Student","Gate Count","blank","blank","blank","blank"
"o13944327","2017-01-20","06:50","","","480378","","Circulation Student","Gate Count","blank","blank","blank","blank"
"o13925711","2017-01-19","06:43","","","479900<br />
","","Circulation Student","Gate Count","blank","blank","blank","blank"
"o13905468","2017-01-18","06:58","","","479543","","Circulation Student","Gate Count","blank","blank","blank","blank"
"o13882176","2017-01-17","06:39","","","479105","","Circulation Student","Gate Count","blank","blank","blank","blank"
"o13692554","2017-01-13","06:56","","","478729","","Circulation Student","Gate Count","blank","blank","blank","blank"
"o13677745","2017-01-12","07:02","","","477903","","Circulation Student","Gate Count","blank","blank","blank","blank"
"o13662650","2017-01-11","06:52","","","477584","","Circulation Student","Gate Count","blank","blank","blank","blank"
"o13602966","2017-01-10","06:45","","","477136","","Circulation Student","Gate Count","blank","blank","blank","blank"
"o13587826","2017-01-09","06:44","","","476798","","Circulation Student","Gate Count","blank","blank","blank","blank"
"o13574812","2017-01-06","06:30","","","476528","","Circulation Student","Gate Count","blank","blank","blank","blank"
"o13564910","2017-01-05","06:24","","","476261","","Circulation Student","Gate Count","blank","blank","blank","blank"
"o13509167","2017-01-04","06:31","","","475977","","Circulation Student","Gate Count","blank","blank","blank","blank"
"o13495707","2017-01-03","06:30","","","469478","","Circulation Student","Gate Count","blank","blank","blank","blank"
"o13484284","2016-12-23","06:38","","","475258","","Circulation Student","Gate Count","blank","blank","blank","blank"
"o13479388","2016-12-22","06:56","","","473298","","Circulation Student","Gate Count","blank","blank","blank","blank"
"o13477966","2016-12-21","16:09","","","189","","Circulation Student","Gate Count","Other Internet Site","blank","blank","blank"
"o13474229","2016-12-21","06:55","","","468767<br />
","","Circulation Student","Gate Count","blank","blank","blank","blank"
"o13466747","2016-12-20","06:49","","","464188","","Circulation Student","Gate Count","blank","blank","blank","blank"
"o13374428","2016-12-19","06:54","","","457077<br />
","","Circulation Student","Gate Count","blank","blank","blank","blank"
"o13372173","2016-12-18","11:07","","","451915","","Circulation Student","Gate Count","blank","blank","blank","blank"
"o13361497","2016-12-16","07:07","","","445,775<br />
","","Circulation Student","Gate Count","blank","blank","blank","blank"
"o13350661","2016-12-15","07:49","","","438955","","Circulation Student","Gate Count","blank","blank","blank","blank"
"o13320397","2016-12-14","06:44","","","432130","","Circulation Student","Gate Count","blank","blank","blank","blank"
"o13303290","2016-12-13","06:56","","","426169","","Circulation Student","Gate Count","blank","blank","blank","blank"
"o13287378","2016-12-12","09:34","","","420309<br />
","","Circulation Student","Gate Count","blank","blank","blank","blank"
"o13279029","2016-12-11","11:16","","","416728","","Circulation Student","Gate Count","blank","blank","blank","blank"
"o13261343","2016-12-09","06:43","","","410448","","Circulation Student","Gate Count","blank","blank","blank","blank"
"o13232116","2016-12-08","07:06","","","403251","","Circulation Student","Gate Count","blank","blank","blank","blank"
"o13210704","2016-12-07","07:03","","","398795<br />
","","Circulation Student","Gate Count","blank","blank","blank","blank"
"o13186572","2016-12-06","06:59","","","389712","","Circulation Student","Gate Count","blank","blank","blank","blank"
"o13162761","2016-12-05","08:00","","","382747","","Circulation Student","Gate Count","blank","blank","blank","blank"
"o13153492","2016-12-04","11:02","","","378914","","Circulation Student","Gate Count","blank","blank","blank","blank"
"o13134919","2016-12-02","06:43","","","372899","","Circulation Student","Gate Count","blank","blank","blank","blank"
"o13114780","2016-12-01","06:29","","","365526","","Circulation Student","Gate Count","blank","blank","blank","blank"
"o13094892","2016-11-30","06:30","","","358468<br />
","","Circulation Student","Gate Count","blank","blank","blank","blank"
"o13073905","2016-11-29","06:43","","","352570","","Circulation Student","Gate Count","blank","blank","blank","blank"
"o13050951","2016-11-28","06:13","","","346592","","Circulation Student","Gate Count","blank","blank","blank","blank"
"o13045785","2016-11-27","11:14","","","345485","","Circulation Student","Gate Count","blank","blank","blank","blank"
"o13022478","2016-11-23","06:33","","","345122","","Circulation Student","Gate Count","blank","blank","blank","blank"
"o12984303","2016-11-21","06:46","","","337147","","Circulation Student","Gate Count","blank","blank","blank","blank"
"o12977747","2016-11-20","11:24","","","333711","","Circulation Student","Gate Count","blank","blank","blank","blank"
"o12972159","2016-11-19","10:02","","","A0001026<br />
P331701","","Circulation Student","Gate Count","blank","blank","blank","blank"
"o12933764","2016-11-18","06:51","","","329316","","Circulation Student","Gate Count","blank","blank","blank","blank"
"o12914295","2016-11-17","06:46","","","322540","","Circulation Student","Gate Count","blank","blank","blank","blank"
"o12893726","2016-11-16","06:50","","","316517<br />
","","Circulation Student","Gate Count","blank","blank","blank","blank"
"o12872535","2016-11-15","06:56","","","311285","","Circulation Student","Gate Count","blank","blank","blank","blank"
"o12847247","2016-11-14","06:48","","","305188<br />
","","Circulation Student","Gate Count","blank","blank","blank","blank"
"o12839998","2016-11-13","11:13","","","302461","","Circulation Student","Gate Count","blank","blank","blank","blank"
"o12824063","2016-11-11","07:57","","","297161","","Circulation Student","Gate Count","blank","blank","blank","blank"
"o12804268","2016-11-10","06:43","","","291495","","Circulation Student","Gate Count","blank","blank","blank","blank"
"o12784948","2016-11-09","06:41","","","285907","","Circulation Student","Gate Count","blank","blank","blank","blank"
"o12764943","2016-11-08","06:57","","","280936","","Circulation Student","Gate Count","blank","blank","blank","blank"
"o12741278","2016-11-07","08:04","","","275265<br />
","","Circulation Student","Gate Count","blank","blank","blank","blank"
"o12732886","2016-11-06","11:24","","","272938","","Circulation Student","Gate Count","blank","blank","blank","blank"
"o12726929","2016-11-05","10:03","","","P271760, A000886","","Circulation Student","Gate Count","blank","blank","blank","blank"
"o12713401","2016-11-04","06:31","","","268752","","Circulation Student","Gate Count","blank","blank","blank","blank"
"o12692522","2016-11-03","06:32","","","263466","","Circulation Student","Gate Count","blank","blank","blank","blank"
"o12670875","2016-11-02","06:38","","","257663","","Circulation Student","Gate Count","blank","blank","blank","blank"
"o12647547","2016-11-01","06:10","","","252341","","Circulation Student","Gate Count","blank","blank","blank","blank"
"o12624092","2016-10-31","06:49","","","247326","","Circulation Student","Gate Count","blank","blank","blank","blank"
"o12617124","2016-10-30","11:29","","","245018","","Circulation Student","Gate Count","blank","blank","blank","blank"
"o12578576","2016-10-27","06:24","","","233774","","Circulation Student","Gate Count","blank","blank","blank","blank"
"o12554871","2016-10-26","07:54","","","228167","","Circulation Student","Gate Count","blank","blank","blank","blank"
"o12529070","2016-10-25","06:50","","","222736","","Circulation Student","Gate Count","blank","blank","blank","blank"
"o12502545","2016-10-24","06:49","","","217023","","Circulation Student","Gate Count","blank","blank","blank","blank"
"o12494839","2016-10-23","11:27","","","214625","","Circulation Student","Gate Count","blank","blank","blank","blank"
"o12490199","2016-10-22","10:00","","","P213586; A000743","","Circulation Student","Gate Count","blank","blank","blank","blank"
"o12477009","2016-10-21","06:43","","","210447","","Circulation Student","Gate Count","blank","blank","blank","blank"
"o12456852","2016-10-20","06:48","","","204658","","Circulation Student","Gate Count","blank","blank","blank","blank"
"o12434812","2016-10-19","06:49","","","198454","","Circulation Student","Gate Count","blank","blank","blank","blank"
"o12384198","2016-10-17","06:46","","","188266","","Circulation Student","Gate Count","blank","blank","blank","blank"
"o12376105","2016-10-16","11:27","","","184378","","Circulation Student","Gate Count","blank","blank","blank","blank"
"o12358852","2016-10-14","06:47","","","178179","","Circulation Student","Gate Count","blank","blank","blank","blank"
"o12336899","2016-10-13","06:42","","","172139","","Circulation Student","Gate Count","blank","blank","blank","blank"
"o12313240","2016-10-12","06:44","","","167209","","Circulation Student","Gate Count","blank","blank","blank","blank"
"o12290627","2016-10-11","06:53","","","165493","","Circulation Student","Gate Count","blank","blank","blank","blank"
"o12242217","2016-10-07","06:48","","","163039","","Circulation Student","Gate Count","blank","blank","blank","blank"
"o12221551","2016-10-06","07:00","","","157242","","Circulation Student","Gate Count","blank","blank","blank","blank"
"o12198674","2016-10-05","06:48","","","150591","","Circulation Student","Gate Count","blank","blank","blank","blank"
"o12173463","2016-10-04","06:40","","","144383","","Circulation Student","Gate Count","blank","blank","blank","blank"
"o12143478","2016-10-03","06:51","","","130107","","Circulation Student","Gate Count","blank","blank","blank","blank"
"o12135163","2016-10-02","11:25","","","134966","","Circulation Student","Gate Count","blank","blank","blank","blank"
"o12130683","2016-10-01","10:02","","A000543/P133552","","","Circulation Student","Gate Count","blank","blank","blank","blank"
"o12091200","2016-09-30","06:46","","","130290","","Circulation Student","Gate Count","blank","blank","blank","blank"
"o12066748","2016-09-29","06:20","","","124510<br />
","","Circulation Student","Gate Count","blank","blank","blank","blank"
"o12041302","2016-09-28","06:33","","","118442","","Circulation Student","Gate Count","blank","blank","blank","blank"
"o12015218","2016-09-27","08:11","","","112580","","Circulation Student","Gate Count","blank","blank","blank","blank"
"o11977423","2016-09-26","08:15","","","107002","","Circulation Student","Gate Count","blank","blank","blank","blank"
"o11966152","2016-09-25","11:35","","","103737","","Circulation Student","Gate Count","blank","blank","blank","blank"
"o11959146","2016-09-24","10:17","","","102197","","Circulation Student","Gate Count","blank","blank","blank","blank"
"o11917676","2016-09-22","06:58","","","93229","","Circulation Student","Gate Count","blank","blank","blank","blank"
"o11890760","2016-09-21","06:49","","","87420","","Circulation Student","Gate Count","blank","blank","blank","blank"
"o11868671","2016-09-20","10:12","","","82459<br />
","","Circulation Student","Gate Count","blank","blank","blank","blank"
"o11836235","2016-09-19","06:50","","","76258","","Circulation Student","Gate Count","blank","blank","blank","blank"
"o11825494","2016-09-18","11:27","","","73784","","Circulation Student","Gate Count","blank","blank","blank","blank"
"o11806449","2016-09-16","06:29","","","68680","","Circulation Student","Gate Count","blank","blank","blank","blank"
"o11708802","2016-09-15","06:39","","","63616<br />
","","Circulation Student","Gate Count","blank","blank","blank","blank"
"o11682374","2016-09-14","06:37","","","58925","","Circulation Student","Gate Count","blank","blank","blank","blank"
"o11657828","2016-09-13","07:28","","","54276","","Circulation Student","Gate Count","blank","blank","blank","blank"
"o11611427","2016-09-12","06:19","","","48914","","Circulation Student","Gate Count","blank","blank","blank","blank"
"o11603166","2016-09-11","11:22","","","46315","","Circulation Student","Gate Count","blank","blank","blank","blank"
"o11598433","2016-09-10","09:27","","","45079","","Circulation Student","Gate Count","blank","blank","blank","blank"
"o11584003","2016-09-09","07:04","","","42068","","Circulation Student","Gate Count","blank","blank","blank","blank"
"o11557401","2016-09-08","07:07","","","37337","","Circulation Student","Gate Count","blank","blank","blank","blank"
"o11532298","2016-09-07","06:59","","","32722","","Circulation Student","Gate Count","blank","blank","blank","blank"
"o11319204","2016-09-06","06:53","","","28008","","Circulation Student","Gate Count","blank","blank","blank","blank"
"o11287348","2016-09-02","08:07","","","25001","","Circulation Student","Gate Count","blank","blank","blank","blank"
"o11265524","2016-09-01","08:02","","","20135","","Circulation Student","Gate Count","blank","blank","blank","blank"
"o11158410","2016-08-31","08:12","Gate count","","15785","","Circulation Student","Gate Count","blank","blank","blank","blank"
"o11128515","2016-08-30","06:52","","","11809","","Circulation Student","Gate Count","blank","blank","blank","blank"
"o11100150","2016-08-29","06:50","","","7978","","Circulation Student","Gate Count","blank","blank","blank","blank"
"o11045577","2016-08-26","06:52","","","6164<br />
","","Circulation Student","Gate Count","blank","blank","blank","blank"
"o11027183","2016-08-25","06:42","","","5469","","Circulation Student","Gate Count","blank","blank","blank","blank"
"o11007569","2016-08-24","06:53","","","4940","","Circulation Student","Gate Count","blank","blank","blank","blank"
"o10987754","2016-08-23","06:48","","","4412","","Circulation Student","Gate Count","blank","blank","blank","blank"
"o10967481","2016-08-22","07:00","","","4002","","Circulation Student","Gate Count","blank","blank","blank","blank"
"o10932106","2016-08-19","06:51","","","3682<br />
","","Circulation Student","Gate Count","blank","blank","blank","blank"
"o10919813","2016-08-18","06:47","","","3326","","Circulation Student","Gate Count","blank","blank","blank","blank"
"o10907172","2016-08-17","06:55","","","2955","","Circulation Student","Gate Count","blank","blank","blank","blank"
"o10895752","2016-08-16","07:56","","","2664","","Circulation Student","Gate Count","blank","blank","blank","blank"
"o10883147","2016-08-15","06:49","","","2301","","Circulation Student","Gate Count","blank","blank","blank","blank"
"o10796353","2016-08-12","07:07","","","1870 on 8/12/16","","Circulation Student","Gate Count","blank","blank","blank","blank"
